supplier,sku,name,supplier_price,fzac_price,difference,effective_markup_pct
La Yesera Rosarina,LYR-55695098,ADHESIVO MOLDURAS ATENNEAS x 1.5 kg,5474.00,5748.00,274.00,5.01
La Yesera Rosarina,LYR-129226519,ADHESIVO REVOQUE SECO x 25 kg,33500.00,35175.00,1675.00,5.00
La Yesera Rosarina,LYR-50254788,"ANGULO DE AJUSTE X 2,60m",1403.00,1473.00,70.00,4.99
La Yesera Rosarina,LYR-E4E86ABAEB96,BANDA ACÚSTICA E HIDRÁULICA 10 cm x 25 cm,32500.00,34125.00,1625.00,5.00
La Yesera Rosarina,LYR-B82CCC2BE534,BANDA ACÚSTICA E HIDRÁULICA 5 cm x 25 cm,18100.00,19005.00,905.00,5.00
La Yesera Rosarina,LYR-50356518,"BARRIER ROLLO (1O ML x 1,22 ML) 12,20 mt2",653000.00,685650.00,32650.00,5.00
La Yesera Rosarina,LYR-50356552,"BARRIER ROLLO (2,5 ML x 1,22 ML) 3,05 mt2",180000.00,189000.00,9000.00,5.00
La Yesera Rosarina,LYR-46B7127ECA97,BASE COAT BICOMPONENTE DURLOCK EXTERIORES,75700.00,79485.00,3785.00,5.00
La Yesera Rosarina,LYR-337336894,CIELORRASO PVC x 3M,11300.00,11865.00,565.00,5.00
La Yesera Rosarina,LYR-337337339,CIELORRASO PVC x 4M,14560.00,15288.00,728.00,5.00
La Yesera Rosarina,LYR-365636221,"CIELORRASO PVC x 4M (ROBLE, CIPRÉS O ARRAYÁN)",19990.00,20990.00,1000.00,5.00
La Yesera Rosarina,LYR-54970851,CIELORRASO PVC x 5M,18750.00,19688.00,938.00,5.00
La Yesera Rosarina,LYR-337337419,CIELORRASO PVC x 6M,22400.00,23520.00,1120.00,5.00
La Yesera Rosarina,LYR-365637551,"CIELORRASO PVC x 6M (ROBLE, CIPRÉS O ARRAYÁN)",33500.00,35175.00,1675.00,5.00
La Yesera Rosarina,LYR-50254814,CINTA PAPEL MICRO X 250FT.76M,5000.00,5250.00,250.00,5.00
La Yesera Rosarina,LYR-50254813,CINTA PAPEL MICROPERFORADA 500 FT,8700.00,9135.00,435.00,5.00
La Yesera Rosarina,LYR-50254808,CINTA TRAMADA AUTOADHES 300FT,5900.00,6195.00,295.00,5.00
La Yesera Rosarina,LYR-50356607,"FONAC PROFESIONAL 50 mm 1,22 x 0,61 cm",64000.00,67200.00,3200.00,5.00
La Yesera Rosarina,LYR-50254792,"GUARDACANTO DURLOCK X 2,60 m. (CANTONERA P/DURLOCK)",2923.00,3069.00,146.00,4.99
La Yesera Rosarina,LYR-263661499,LANA DE VIDRIO DURLOCK 14.5 X 1.20 50 MM,135000.00,141750.00,6750.00,5.00
La Yesera Rosarina,LYR-50875574,LARGUERO TX 15/16 x 3660 mm,4815.00,5056.00,241.00,5.01
La Yesera Rosarina,LYR-57241474,MASILLA DURLOCK AH ANTIHUMEDAD 13 kg,32700.00,34335.00,1635.00,5.00
La Yesera Rosarina,LYR-50254823,MASILLA DURLOCK CAJA X 22 K,25200.00,26460.00,1260.00,5.00
La Yesera Rosarina,LYR-82270997,MASILLA DURLOCK SC x 18 KG,45150.00,47408.00,2258.00,5.00
La Yesera Rosarina,LYR-82271232,MASILLA DURLOCK SC x 32 KG,63000.00,66150.00,3150.00,5.00
La Yesera Rosarina,LYR-50254817,"MASILLA DURLOCK X 1,80 KGS",12000.00,12600.00,600.00,5.00
La Yesera Rosarina,LYR-50254818,MASILLA DURLOCK X 18 KGS.,26800.00,28140.00,1340.00,5.00
La Yesera Rosarina,LYR-50254822,MASILLA DURLOCK X 32 KGS.,42900.00,45045.00,2145.00,5.00
La Yesera Rosarina,LYR-53819069,MASILLA DURLOCK x 7 KG,14600.00,15330.00,730.00,5.00
La Yesera Rosarina,LYR-9400ED4F16F7,MASILLA SUPERBOARD 5 KG,65000.00,68250.00,3250.00,5.00
La Yesera Rosarina,LYR-50325485,MOLDURA ARQUITECTÓNICA AT-04 GUARDA,3000.00,3150.00,150.00,5.00
La Yesera Rosarina,LYR-50352949,MOLDURA ARQUITECTÓNICA AT-105,7560.00,7938.00,378.00,5.00
La Yesera Rosarina,LYR-50325709,MOLDURA ARQUITECTÓNICA AT-31R,1980.00,2079.00,99.00,5.00
La Yesera Rosarina,LYR-50325948,MOLDURA ARQUITECTÓNICA AT-35,2780.00,2919.00,139.00,5.00
La Yesera Rosarina,LYR-50326087,MOLDURA ARQUITECTÓNICA AT-40,3460.00,3633.00,173.00,5.00
La Yesera Rosarina,LYR-50351730,MOLDURA ARQUITECTÓNICA AT-46,3505.00,3680.00,175.00,4.99
La Yesera Rosarina,LYR-50351808,MOLDURA ARQUITECTÓNICA AT-49,3731.00,3918.00,187.00,5.01
La Yesera Rosarina,LYR-50351864,MOLDURA ARQUITECTÓNICA AT-52,3882.00,4076.00,194.00,5.00
La Yesera Rosarina,LYR-50351914,MOLDURA ARQUITECTÓNICA AT-58,4170.00,4379.00,209.00,5.01
La Yesera Rosarina,LYR-50352090,MOLDURA ARQUITECTÓNICA AT-61R,3420.00,3591.00,171.00,5.00
La Yesera Rosarina,LYR-50352211,MOLDURA ARQUITECTÓNICA AT-70,5300.00,5565.00,265.00,5.00
La Yesera Rosarina,LYR-50352352,MOLDURA ARQUITECTÓNICA AT-76,5380.00,5649.00,269.00,5.00
La Yesera Rosarina,LYR-50352489,MOLDURA ARQUITECTÓNICA AT-85,5300.00,5565.00,265.00,5.00
La Yesera Rosarina,LYR-50352705,MOLDURA ARQUITECTÓNICA AT-90,6600.00,6930.00,330.00,5.00
La Yesera Rosarina,LYR-50254794,"MONTANTE 34mmX30mmX2,60m",3860.00,4053.00,193.00,5.00
La Yesera Rosarina,LYR-50254795,"MONTANTE 69mmX30mmX2,60m",5146.00,5403.00,257.00,4.99
La Yesera Rosarina,LYR-114080638,MONTANTE 69mmX30mmX3m,5500.00,5775.00,275.00,5.00
La Yesera Rosarina,LYR-50254793,"PERFIL O BUÑA ""Z"" PERIMETRAL 2,60m",3766.00,3954.00,188.00,4.99
La Yesera Rosarina,LYR-50254787,"PERFIL OMEGA X 2,60m",3650.00,3833.00,183.00,5.01
La Yesera Rosarina,LYR-54970979,PERFIL PERIMETRAL PVC x 3 ml,4550.00,4778.00,228.00,5.01
La Yesera Rosarina,LYR-365636244,"PERFIL PERIMETRAL PVC x 3 ml (ROBLE, CIPRÉS O ARRAYÁN)",6200.00,6510.00,310.00,5.00
La Yesera Rosarina,LYR-54971046,PERFIL UNIÓN H PVC x 3 ml,10550.00,11078.00,528.00,5.00
La Yesera Rosarina,LYR-365636252,"PERFIL UNIÓN H PVC x 3 ml (ROBLE, CIPRÉS O ARRAYÁN)",10700.00,11235.00,535.00,5.00
La Yesera Rosarina,LYR-50875532,PERIMETRAL GX 15/16 x 3050 mm,2620.00,2751.00,131.00,5.00
La Yesera Rosarina,LYR-F6DD268D37BF,"PGC 100-40-17-E 0,93 X 3 mts",13050.00,13703.00,653.00,5.00
La Yesera Rosarina,LYR-63F911C435F3,"PGC 70mm-40mm-17mm E 0,93mm X 3 mts",12500.00,13125.00,625.00,5.00
La Yesera Rosarina,LYR-120351569,"PGU 100-35 E 0,93 X 3 ML",10950.00,11498.00,548.00,5.00
La Yesera Rosarina,LYR-B9C8B7404E02,"PGU 70mm-35mm E 0,93mm X 3 mts",10200.00,10710.00,510.00,5.00
La Yesera Rosarina,LYR-141617811,PLACA ACÚSTICA DURLOCK ACU60,22400.00,23520.00,1120.00,5.00
La Yesera Rosarina,LYR-50876617,PLACA COMET DURLOCK,8050.00,8453.00,403.00,5.01
La Yesera Rosarina,LYR-50876067,PLACA EKO HORN 1220 mm x 610 mm,10700.00,11235.00,535.00,5.00
La Yesera Rosarina,LYR-50875983,PLACA EKO HORN 610 mm x 610 mm,6000.00,6300.00,300.00,5.00
La Yesera Rosarina,LYR-7BD4176B38FE,PLACA SUPERBOARD 10mm BORDE RECTO,69600.00,73080.00,3480.00,5.00
La Yesera Rosarina,LYR-EB11CF0B8AFC,PLACA SUPERBOARD 15mm BORDES RECTO,96700.00,101535.00,4835.00,5.00
La Yesera Rosarina,LYR-82F59800C745,PLACA SUPERBOARD 6mm BORDES RECTOS,44400.00,46620.00,2220.00,5.00
La Yesera Rosarina,LYR-BA4B29A99F7E,PLACA SUPERBOARD 8mm BORDE RECTO,59200.00,62160.00,2960.00,5.00
La Yesera Rosarina,LYR-50254829,"PLACAS DURLOCK  R.S. 12,50mm 1,20 x 2,60",19400.00,20370.00,970.00,5.00
La Yesera Rosarina,LYR-10B1B3DE7598,"PLACAS DURLOCK 12,5mm -1,20m x 2,00m-",14300.00,15015.00,715.00,5.00
La Yesera Rosarina,LYR-50254835,"PLACAS DURLOCK 12,5mm -1,20x2,60 m",19200.00,20160.00,960.00,5.00
La Yesera Rosarina,LYR-2FC76A4B722B,"PLACAS DURLOCK 12,5mm 1,2 x 3m",21800.00,22890.00,1090.00,5.00
La Yesera Rosarina,LYR-50254825,"PLACAS DURLOCK 12,5mm ROJA 1,20mX2,4",24600.00,25830.00,1230.00,5.00
La Yesera Rosarina,LYR-50254827,"PLACAS DURLOCK 12,5mm VERDE 1,20mX2,",27800.00,29190.00,1390.00,5.00
La Yesera Rosarina,LYR-50254816,"PLACAS DURLOCK 4 D 12,5mm 1,20 m x 2",29800.00,31290.00,1490.00,5.00
La Yesera Rosarina,LYR-50254833,"PLACAS DURLOCK 9,5mm -1,20X2,4 mts",15790.00,16580.00,790.00,5.00
La Yesera Rosarina,LYR-57241357,"PLACAS DURLOCK AH ANTIHUMEDAD 1,20m x 2,60",30400.00,31920.00,1520.00,5.00
La Yesera Rosarina,LYR-50254819,"PLACAS DURLOCK CIEL 7 mm 1,20 X 2,40 mt",14300.00,15015.00,715.00,5.00
La Yesera Rosarina,LYR-50254815,PLACAS DURLOCK EXTRA RESIST 1.2 2.40m,24700.00,25935.00,1235.00,5.00
La Yesera Rosarina,LYR-50254821,"PLACAS DURLOCK SC 1,20 M X 2,40 M",31300.00,32865.00,1565.00,5.00
La Yesera Rosarina,LYR-52371448,PUERTA CORREDIZA EMBUTIR MDF 60 cm,346500.00,363825.00,17325.00,5.00
La Yesera Rosarina,LYR-52371619,PUERTA CORREDIZA EMBUTIR MDF 70 cm,346500.00,363825.00,17325.00,5.00
La Yesera Rosarina,LYR-52371672,PUERTA CORREDIZA EMBUTIR MDF 80 cm,360360.00,378378.00,18018.00,5.00
La Yesera Rosarina,LYR-52371761,PUERTA CORREDIZA EMBUTIR MDF 90 cm,381150.00,400208.00,19058.00,5.00
La Yesera Rosarina,LYR-52372072,PUERTA PLACA CEDRO 70 cm,265650.00,278933.00,13283.00,5.00
La Yesera Rosarina,LYR-52372200,PUERTA PLACA CEDRO 80 cm,277200.00,291060.00,13860.00,5.00
La Yesera Rosarina,LYR-52372226,PUERTA PLACA CEDRO 90 cm,277200.00,291060.00,13860.00,5.00
La Yesera Rosarina,LYR-52371152,PUERTA PLACA MDF 70 cm,207900.00,218295.00,10395.00,5.00
La Yesera Rosarina,LYR-52371182,PUERTA PLACA MDF 80 cm,221760.00,232848.00,11088.00,5.00
La Yesera Rosarina,LYR-52371254,PUERTA PLACA MDF 90 cm,228690.00,240125.00,11435.00,5.00
La Yesera Rosarina,LYR-58199493,ROLAC PLATA CUBIERTA 100 mm 1.2x6 7.20m2,115600.00,121380.00,5780.00,5.00
La Yesera Rosarina,LYR-58199517,"ROLAC PLATA CUBIERTA 80 mm 1,20 x 8 m",128300.00,134715.00,6415.00,5.00
La Yesera Rosarina,LYR-7574A0A757C0,"SIDING CEDAR SUPERBOARD 6mm 3,60 X 0,2",13500.00,14175.00,675.00,5.00
La Yesera Rosarina,LYR-E0C0E103F581,"SIDING CEDAR SUPERBOARD 8 mm 3,60 X 0,2",16900.00,17745.00,845.00,5.00
La Yesera Rosarina,LYR-50254796,"SOLERA 35mmX30mmX2,60m",3800.00,3990.00,190.00,5.00
La Yesera Rosarina,LYR-50254791,"SOLERA 70mmX30mmX2,60m",5170.00,5429.00,259.00,5.01
La Yesera Rosarina,LYR-50254802,TARUGO FISCHER 6MM CON TOPE C/U X 100,4000.00,4320.00,320.00,8.00
La Yesera Rosarina,LYR-50254800,TARUGO FISCHER CON TOPE 8MM X 100,7000.00,7560.00,560.00,8.00
La Yesera Rosarina,LYR-50254806,TARUGOS FISCHER 6mm X 100,3500.00,3780.00,280.00,8.00
La Yesera Rosarina,LYR-50316813,TARUGOS FISCHER 6mm X 50,1750.00,1890.00,140.00,8.00
La Yesera Rosarina,LYR-120352767,TORNILLOS 8X32 PLACA EXTERIOR CON ALETA,7800.00,8424.00,624.00,8.00
La Yesera Rosarina,LYR-120511605,TORNILLOS 8X32 PLACA EXTERIOR CON ALETA x 50 u,3900.00,4212.00,312.00,8.00
La Yesera Rosarina,LYR-50254803,TORNILLOS T1 - 8X9/16 X 100,2500.00,2700.00,200.00,8.00
La Yesera Rosarina,LYR-120067250,TORNILLOS T1 - 8X9/16 X 50,1250.00,1350.00,100.00,8.00
La Yesera Rosarina,LYR-120352397,TORNILLOS T1 PUNTA MECHA X 100,3200.00,3456.00,256.00,8.00
La Yesera Rosarina,LYR-50254805,TORNILLOS T2 - 6X1 X 100,1500.00,1620.00,120.00,8.00
La Yesera Rosarina,LYR-50316365,TORNILLOS T2 - 6X1 X 50,750.00,810.00,60.00,8.00
La Yesera Rosarina,LYR-50254798,TORNILLOS T8 (FIX NEGRO 10X2) X 100,4200.00,4536.00,336.00,8.00
La Yesera Rosarina,LYR-50316869,TORNILLOS T8 (FIX NEGRO 10X2) X 50,2100.00,2268.00,168.00,8.00
La Yesera Rosarina,LYR-50875658,TRAVESAÑO GX 15/16 x 1200 mm,1620.00,1701.00,81.00,5.00
La Yesera Rosarina,LYR-50875720,TRAVESAÑO GX 15/16 x 610 mm,840.00,882.00,42.00,5.00
La Yesera Rosarina,LYR-54971098,ZÓCALO SANITARIO FLEX PVC x 3 ml,28800.00,30240.00,1440.00,5.00
Universo Pinturas SRL Rosario,UNV-153039,Manta Realis 1 x 25 m,21147.29,22205.00,1057.71,5.00
Universo Pinturas SRL Rosario,UNV-260004,Pinceleta Obra V4 N°40 Eco,10000.00,10500.00,500.00,5.00
Universo Pinturas SRL Rosario,UNV-10143,Recuplast Grietas y Juntas x 1 kg,24557.37,25785.00,1227.63,5.00
Universo Pinturas SRL Rosario,UNV-260003,Rodillo Lana Brousse Blanco 22 x 40,20956.78,22005.00,1048.22,5.00
Universo Pinturas SRL Rosario,UNV-180717,Sintex PU 50 Sellador de Poliuretano Blanco 300 ml,21712.27,22798.00,1085.73,5.00
Universo Pinturas SRL Rosario,UNV-230148,Thermocontrol Techo Membrana Líquida Blanco x 20 kg,250111.21,262617.00,12505.79,5.00